{
  "K20_rho17": {
    "K": 20,
    "rho": 17,
    "C": 6,
    "methods": {
      "FedAvg": {
        "mean": 0.6203333333333334,
        "std": 0.007736098643516795,
        "n": 3
      },
      "FedAvg-FPTTrain": {
        "mean": 0.6203333333333334,
        "std": 0.007736098643516795,
        "n": 3
      },
      "FedProTrack": {
        "mean": 0.6585833333333333,
        "std": 0.0028308812919105317,
        "n": 3
      },
      "IFCA": {
        "mean": 0.60125,
        "std": 0.009830331462706033,
        "n": 3
      },
      "Oracle": {
        "mean": 0.6715833333333333,
        "std": 0.005948856099191665,
        "n": 3
      },
      "CFL": {
        "mean": 0.6164166666666666,
        "std": 0.005768388471276501,
        "n": 3
      },
      "FedEM": {
        "mean": 0.5306666666666666,
        "std": 0.01230444251299323,
        "n": 3
      },
      "FedRC": {
        "mean": 0.2785,
        "std": 0.011144411903131859,
        "n": 3
      }
    }
  },
  "K20_rho25": {
    "K": 20,
    "rho": 25,
    "C": 4,
    "methods": {
      "FedAvg": {
        "mean": 0.5657500000000001,
        "std": 0.038008222794548095,
        "n": 3
      },
      "FedAvg-FPTTrain": {
        "mean": 0.5657500000000001,
        "std": 0.038008222794548095,
        "n": 3
      },
      "FedProTrack": {
        "mean": 0.6115833333333334,
        "std": 0.03390571076120101,
        "n": 3
      },
      "IFCA": {
        "mean": 0.5287083333333333,
        "std": 0.048905237165586056,
        "n": 3
      },
      "Oracle": {
        "mean": 0.6126666666666667,
        "std": 0.03611113247862605,
        "n": 3
      },
      "CFL": {
        "mean": 0.5560416666666667,
        "std": 0.04442518680008246,
        "n": 3
      },
      "FedEM": {
        "mean": 0.45262499999999994,
        "std": 0.048848404955194435,
        "n": 3
      },
      "FedRC": {
        "mean": 0.22408333333333333,
        "std": 0.02617257098991656,
        "n": 3
      }
    }
  },
  "K20_rho33": {
    "K": 20,
    "rho": 33,
    "C": 3,
    "methods": {
      "FedAvg": {
        "mean": 0.6840833333333334,
        "std": 0.02638207514372004,
        "n": 3
      },
      "FedAvg-FPTTrain": {
        "mean": 0.6840833333333334,
        "std": 0.02638207514372004,
        "n": 3
      },
      "FedProTrack": {
        "mean": 0.71225,
        "std": 0.017976836948325095,
        "n": 3
      },
      "IFCA": {
        "mean": 0.6532916666666666,
        "std": 0.018775075824673006,
        "n": 3
      },
      "Oracle": {
        "mean": 0.7139166666666668,
        "std": 0.01357745271478496,
        "n": 3
      },
      "CFL": {
        "mean": 0.6741250000000001,
        "std": 0.02667161412438319,
        "n": 3
      },
      "FedEM": {
        "mean": 0.5830000000000001,
        "std": 0.026770630673681652,
        "n": 3
      },
      "FedRC": {
        "mean": 0.332,
        "std": 0.02191627059211184,
        "n": 3
      }
    }
  },
  "K40_rho25": {
    "K": 40,
    "rho": 25,
    "C": 4,
    "methods": {
      "FedAvg": {
        "mean": 0.5999166666666667,
        "std": 0.022331856294440868,
        "n": 3
      },
      "FedAvg-FPTTrain": {
        "mean": 0.5999166666666667,
        "std": 0.022331856294440868,
        "n": 3
      },
      "FedProTrack": {
        "mean": 0.6495416666666667,
        "std": 0.020047426407286184,
        "n": 3
      },
      "IFCA": {
        "mean": 0.5604791666666666,
        "std": 0.030716798358372065,
        "n": 3
      },
      "Oracle": {
        "mean": 0.6489166666666666,
        "std": 0.02075911780934396,
        "n": 3
      },
      "CFL": {
        "mean": 0.5922083333333334,
        "std": 0.025057087597901102,
        "n": 3
      },
      "FedEM": {
        "mean": 0.4802083333333333,
        "std": 0.02645231230703452,
        "n": 3
      },
      "FedRC": {
        "mean": 0.24477083333333333,
        "std": 0.023519846082026615,
        "n": 3
      }
    }
  },
  "K40_rho33": {
    "K": 40,
    "rho": 33,
    "C": 3,
    "methods": {
      "FedAvg": {
        "mean": 0.683875,
        "std": 0.02135586375370149,
        "n": 3
      },
      "FedAvg-FPTTrain": {
        "mean": 0.683875,
        "std": 0.02135586375370149,
        "n": 3
      },
      "FedProTrack": {
        "mean": 0.7160833333333333,
        "std": 0.017090547257345257,
        "n": 3
      },
      "IFCA": {
        "mean": 0.6502083333333334,
        "std": 0.021096895341626926,
        "n": 3
      },
      "Oracle": {
        "mean": 0.7156666666666668,
        "std": 0.018507130757869823,
        "n": 3
      },
      "CFL": {
        "mean": 0.6736875,
        "std": 0.01814783044884424,
        "n": 3
      },
      "FedEM": {
        "mean": 0.5700000000000001,
        "std": 0.02045173433965919,
        "n": 3
      },
      "FedRC": {
        "mean": 0.37729166666666664,
        "std": 0.046510704786341624,
        "n": 3
      }
    }
  }
}