{
  "method_name": "FedProTrack",
  "mean_accuracy": 0.54525,
  "final_accuracy": 0.636,
  "concept_tracking_accuracy": 0.5,
  "forgetting": 0.06999999999999995,
  "backward_transfer": 0.040000000000000036,
  "detection_rate": 0.0,
  "false_alarm_rate": 0.0,
  "identification_accuracy": 0.0,
  "mean_detection_delay": 0.0,
  "accuracy_matrix": [
    [
      0.58,
      0.6,
      0.58,
      0.53,
      0.47,
      0.39,
      0.46,
      0.61
    ],
    [
      0.6,
      0.6,
      0.68,
      0.64,
      0.44,
      0.46,
      0.56,
      0.63
    ],
    [
      0.56,
      0.54,
      0.61,
      0.62,
      0.39,
      0.53,
      0.5,
      0.69
    ],
    [
      0.62,
      0.58,
      0.62,
      0.49,
      0.36,
      0.48,
      0.42,
      0.63
    ],
    [
      0.48,
      0.49,
      0.56,
      0.58,
      0.55,
      0.46,
      0.6,
      0.62
    ]
  ],
  "predicted_concept_matrix": [
    [
      0,
      0,
      0,
      0,
      0,
      0,
      0,
      0
    ],
    [
      0,
      0,
      0,
      0,
      0,
      0,
      0,
      0
    ],
    [
      0,
      0,
      0,
      0,
      0,
      0,
      0,
      0
    ],
    [
      0,
      0,
      0,
      0,
      0,
      0,
      0,
      0
    ],
    [
      0,
      0,
      0,
      0,
      0,
      0,
      0,
      0
    ]
  ],
  "true_concept_matrix": [
    [
      0,
      0,
      0,
      0,
      1,
      1,
      1,
      1
    ],
    [
      0,
      0,
      0,
      0,
      1,
      1,
      1,
      1
    ],
    [
      0,
      0,
      0,
      0,
      1,
      1,
      1,
      1
    ],
    [
      0,
      0,
      0,
      0,
      1,
      1,
      1,
      1
    ],
    [
      0,
      0,
      0,
      0,
      1,
      1,
      1,
      1
    ]
  ]
}