{
  "method_name": "FedProTrack",
  "mean_accuracy": 0.5984999999999999,
  "final_accuracy": 0.696,
  "concept_tracking_accuracy": 0.5,
  "forgetting": 0.06000000000000005,
  "backward_transfer": 0.17000000000000004,
  "detection_rate": 1.0,
  "false_alarm_rate": 0.0,
  "identification_accuracy": 0.0,
  "mean_detection_delay": 0.0,
  "accuracy_matrix": [
    [
      0.58,
      0.76,
      0.62,
      0.6,
      0.29,
      0.52,
      0.68,
      0.7
    ],
    [
      0.6,
      0.72,
      0.75,
      0.69,
      0.23,
      0.58,
      0.73,
      0.74
    ],
    [
      0.56,
      0.63,
      0.81,
      0.74,
      0.23,
      0.66,
      0.61,
      0.77
    ],
    [
      0.62,
      0.6,
      0.69,
      0.64,
      0.26,
      0.53,
      0.61,
      0.52
    ],
    [
      0.48,
      0.72,
      0.69,
      0.69,
      0.38,
      0.28,
      0.68,
      0.75
    ]
  ],
  "predicted_concept_matrix": [
    [
      0,
      0,
      0,
      0,
      0,
      0,
      0,
      0
    ],
    [
      0,
      0,
      0,
      0,
      0,
      0,
      0,
      0
    ],
    [
      0,
      0,
      0,
      0,
      0,
      0,
      0,
      0
    ],
    [
      0,
      0,
      0,
      0,
      0,
      0,
      0,
      0
    ],
    [
      0,
      0,
      0,
      0,
      0,
      0,
      0,
      0
    ]
  ],
  "true_concept_matrix": [
    [
      0,
      0,
      0,
      0,
      1,
      1,
      1,
      1
    ],
    [
      0,
      0,
      0,
      0,
      1,
      1,
      1,
      1
    ],
    [
      0,
      0,
      0,
      0,
      1,
      1,
      1,
      1
    ],
    [
      0,
      0,
      0,
      0,
      1,
      1,
      1,
      1
    ],
    [
      0,
      0,
      0,
      0,
      1,
      1,
      1,
      1
    ]
  ]
}