{
  "method_name": "Oracle",
  "mean_accuracy": 0.6285000000000001,
  "final_accuracy": 0.6699999999999999,
  "concept_tracking_accuracy": 1.0,
  "forgetting": 0.0,
  "backward_transfer": 0.0,
  "detection_rate": 1.0,
  "false_alarm_rate": 0.0,
  "identification_accuracy": 0.0,
  "mean_detection_delay": 0.0,
  "accuracy_matrix": [
    [
      0.58,
      0.76,
      0.56,
      0.6,
      0.48,
      0.74,
      0.71,
      0.69
    ],
    [
      0.6,
      0.72,
      0.69,
      0.67,
      0.49,
      0.58,
      0.58,
      0.64
    ],
    [
      0.56,
      0.63,
      0.84,
      0.77,
      0.55,
      0.66,
      0.49,
      0.72
    ],
    [
      0.62,
      0.6,
      0.82,
      0.66,
      0.45,
      0.53,
      0.65,
      0.6
    ],
    [
      0.48,
      0.72,
      0.66,
      0.6,
      0.56,
      0.47,
      0.71,
      0.7
    ]
  ],
  "predicted_concept_matrix": [
    [
      0,
      0,
      0,
      0,
      1,
      1,
      1,
      1
    ],
    [
      0,
      0,
      0,
      0,
      1,
      1,
      1,
      1
    ],
    [
      0,
      0,
      0,
      0,
      1,
      1,
      1,
      1
    ],
    [
      0,
      0,
      0,
      0,
      1,
      1,
      1,
      1
    ],
    [
      0,
      0,
      0,
      0,
      1,
      1,
      1,
      1
    ]
  ],
  "true_concept_matrix": [
    [
      0,
      0,
      0,
      0,
      1,
      1,
      1,
      1
    ],
    [
      0,
      0,
      0,
      0,
      1,
      1,
      1,
      1
    ],
    [
      0,
      0,
      0,
      0,
      1,
      1,
      1,
      1
    ],
    [
      0,
      0,
      0,
      0,
      1,
      1,
      1,
      1
    ],
    [
      0,
      0,
      0,
      0,
      1,
      1,
      1,
      1
    ]
  ]
}