{
  "byte_stats": {
    "FedProTrack": {
      "phase_a_bytes": 3200.0,
      "phase_b_bytes": 4800.0,
      "total_bytes": 8000.0
    },
    "FedProTrack-ET": {
      "phase_a_bytes": 1422.2222222222222,
      "phase_b_bytes": 4800.0,
      "total_bytes": 6222.222222222223
    },
    "IFCA": {
      "phase_a_bytes": 0.0,
      "phase_b_bytes": 9120.0,
      "total_bytes": 9120.0
    },
    "FedProto": {
      "phase_a_bytes": 6080.0,
      "phase_b_bytes": 0.0,
      "total_bytes": 6080.0
    }
  },
  "accuracy_stats": {
    "FedProTrack": [
      0.915,
      0.92,
      0.93,
      0.86,
      0.91,
      0.94,
      0.89,
      0.875,
      0.905
    ],
    "FedProTrack-ET": [
      0.525,
      0.58,
      0.865,
      0.745,
      0.49,
      0.835,
      0.68,
      0.82,
      0.89
    ]
  }
}