{
  "FedProTrack": {
    "n_settings": 375,
    "mean_re_id_accuracy": 0.7973333333333333,
    "std_re_id_accuracy": 0.18209399282299848,
    "mean_final_accuracy": 0.5262346666666667,
    "mean_accuracy_auc": 9.488631466666668
  },
  "LocalOnly": {
    "n_settings": 375,
    "mean_re_id_accuracy": null,
    "std_re_id_accuracy": null,
    "mean_final_accuracy": 0.5089482666666666,
    "mean_accuracy_auc": 9.538190933333334
  },
  "FedAvg": {
    "n_settings": 375,
    "mean_re_id_accuracy": null,
    "std_re_id_accuracy": null,
    "mean_final_accuracy": 0.5144896,
    "mean_accuracy_auc": 9.430760000000001
  },
  "Oracle": {
    "n_settings": 375,
    "mean_re_id_accuracy": 1.0,
    "std_re_id_accuracy": 0.0,
    "mean_final_accuracy": 0.5139125333333333,
    "mean_accuracy_auc": 9.627677866666668
  },
  "FedProto": {
    "n_settings": 375,
    "mean_re_id_accuracy": null,
    "std_re_id_accuracy": null,
    "mean_final_accuracy": 0.5552005333333333,
    "mean_accuracy_auc": 10.473570933333333
  },
  "TrackedSummary": {
    "n_settings": 375,
    "mean_re_id_accuracy": 0.47326666666666656,
    "std_re_id_accuracy": 0.25218841280985843,
    "mean_final_accuracy": 0.5139509333333334,
    "mean_accuracy_auc": 9.428092800000002
  },
  "Flash": {
    "n_settings": 375,
    "mean_re_id_accuracy": null,
    "std_re_id_accuracy": null,
    "mean_final_accuracy": 0.5139509333333334,
    "mean_accuracy_auc": 9.428092800000002
  },
  "FedDrift": {
    "n_settings": 375,
    "mean_re_id_accuracy": 0.4727733333333332,
    "std_re_id_accuracy": 0.24909819072450573,
    "mean_final_accuracy": 0.5000656000000001,
    "mean_accuracy_auc": 9.447487733333332
  },
  "IFCA": {
    "n_settings": 375,
    "mean_re_id_accuracy": 0.6646399999999999,
    "std_re_id_accuracy": 0.23585632010470556,
    "mean_final_accuracy": 0.5739546666666667,
    "mean_accuracy_auc": 10.572963199999998
  },
  "CompressedFedAvg": {
    "n_settings": 375,
    "mean_re_id_accuracy": null,
    "std_re_id_accuracy": null,
    "mean_final_accuracy": 0.5124218666666668,
    "mean_accuracy_auc": 9.421513866666666
  }
}