{
  "method_name": "FedProTrack",
  "mean_accuracy": 0.54525,
  "final_accuracy": 0.648,
  "concept_tracking_accuracy": 0.6,
  "forgetting": 0.040000000000000036,
  "backward_transfer": 0.22000000000000003,
  "detection_rate": 0.0,
  "false_alarm_rate": 0.0,
  "identification_accuracy": 0.0,
  "mean_detection_delay": 0.0,
  "accuracy_matrix": [
    [
      0.42,
      0.4,
      0.52,
      0.5,
      0.57,
      0.55,
      0.55,
      0.63
    ],
    [
      0.6,
      0.6,
      0.32,
      0.61,
      0.51,
      0.43,
      0.61,
      0.65
    ],
    [
      0.56,
      0.54,
      0.61,
      0.62,
      0.61,
      0.45,
      0.47,
      0.64
    ],
    [
      0.38,
      0.58,
      0.62,
      0.49,
      0.64,
      0.57,
      0.51,
      0.68
    ],
    [
      0.52,
      0.49,
      0.56,
      0.58,
      0.45,
      0.53,
      0.6,
      0.64
    ]
  ],
  "predicted_concept_matrix": [
    [
      0,
      0,
      0,
      0,
      0,
      0,
      0,
      0
    ],
    [
      0,
      0,
      0,
      0,
      0,
      0,
      0,
      0
    ],
    [
      0,
      0,
      0,
      0,
      0,
      0,
      0,
      0
    ],
    [
      0,
      0,
      0,
      0,
      0,
      0,
      0,
      0
    ],
    [
      0,
      0,
      0,
      0,
      0,
      0,
      0,
      0
    ]
  ],
  "true_concept_matrix": [
    [
      1,
      0,
      0,
      0,
      0,
      0,
      0,
      0
    ],
    [
      0,
      0,
      1,
      1,
      1,
      1,
      1,
      1
    ],
    [
      0,
      0,
      0,
      0,
      0,
      1,
      1,
      1
    ],
    [
      1,
      1,
      1,
      1,
      1,
      1,
      0,
      0
    ],
    [
      1,
      1,
      1,
      1,
      1,
      1,
      1,
      1
    ]
  ]
}