{
  "description": "Ratio of accuracy at recurrence / accuracy at previous occurrence",
  "per_seed": {
    "FedProTrack": [
      0.9261371080964116,
      1.1603444764164101,
      0.9988471956811222
    ],
    "FedAvg": [
      1.1018206643033828,
      1.0372828745597047,
      1.3640969444184394
    ],
    "CFL": [
      1.3469064874942633,
      1.2366364918183579,
      1.1914584930480558
    ]
  },
  "aggregate": {
    "FedProTrack": 1.0284429267313147,
    "FedAvg": 1.1677334944271756,
    "CFL": 1.2583338241202258
  }
}