{
  "description": "Mean recovery gap vs FedAvg at concept recurrence points",
  "per_seed": {
    "FedProTrack": [
      -0.32211340206185574,
      -0.2676699029126214,
      -0.3437745098039216
    ],
    "FedAvg": [
      0.0,
      0.0,
      0.0
    ],
    "CFL": [
      -0.018479381443298963,
      -0.02674757281553397,
      -0.03171568627450981
    ]
  },
  "aggregate": {
    "FedProTrack": -0.3111859382594662,
    "FedAvg": 0.0,
    "CFL": -0.025647546844447578
  }
}