{
  "description": "Mean steps to reach 80% of concept peak accuracy after switch",
  "per_seed": {
    "FedProTrack": [
      2.6451612903225805,
      2.4126984126984126,
      2.3636363636363638
    ],
    "FedAvg": [
      0.6774193548387096,
      0.3888888888888889,
      0.6893939393939394
    ],
    "CFL": [
      0.8306451612903226,
      0.4126984126984127,
      1.0909090909090908
    ]
  },
  "aggregate": {
    "FedProTrack": 2.473832022219119,
    "FedAvg": 0.5852340610405127,
    "CFL": 0.7780842216326086
  }
}