{
  "FedProTrack": {
    "n_settings": 675,
    "mean_re_id_accuracy": 0.5105481481481482,
    "std_re_id_accuracy": 0.2756321950371819
  },
  "LocalOnly": {
    "n_settings": 675,
    "mean_re_id_accuracy": 0.48944444444444446,
    "std_re_id_accuracy": 0.27882137296966913
  },
  "FedAvg": {
    "n_settings": 675,
    "mean_re_id_accuracy": 0.48944444444444446,
    "std_re_id_accuracy": 0.27882137296966913
  },
  "Oracle": {
    "n_settings": 675,
    "mean_re_id_accuracy": 1.0,
    "std_re_id_accuracy": 0.0
  },
  "FedProto": {
    "n_settings": 675,
    "mean_re_id_accuracy": 0.48944444444444446,
    "std_re_id_accuracy": 0.27882137296966913
  },
  "TrackedSummary": {
    "n_settings": 675,
    "mean_re_id_accuracy": 0.48944444444444446,
    "std_re_id_accuracy": 0.27882137296966913
  },
  "Flash": {
    "n_settings": 675,
    "mean_re_id_accuracy": 0.48944444444444446,
    "std_re_id_accuracy": 0.27882137296966913
  },
  "FedDrift": {
    "n_settings": 675,
    "mean_re_id_accuracy": 0.49706666666666666,
    "std_re_id_accuracy": 0.27121138946913304
  },
  "IFCA": {
    "n_settings": 675,
    "mean_re_id_accuracy": 0.5631185185185186,
    "std_re_id_accuracy": 0.28008731579969715
  },
  "CompressedFedAvg": {
    "n_settings": 675,
    "mean_re_id_accuracy": 0.48944444444444446,
    "std_re_id_accuracy": 0.27882137296966913
  }
}