{
  "method_name": "FedProTrack",
  "mean_accuracy": 0.5287499999999999,
  "final_accuracy": 0.594,
  "concept_tracking_accuracy": 0.55,
  "forgetting": 0.16000000000000003,
  "backward_transfer": 0.19,
  "detection_rate": 0.36363636363636365,
  "false_alarm_rate": 0.0,
  "identification_accuracy": 0.0,
  "mean_detection_delay": 0.0,
  "accuracy_matrix": [
    [
      0.42,
      0.24,
      0.47,
      0.54,
      0.38,
      0.52,
      0.33,
      0.26
    ],
    [
      0.6,
      0.72,
      0.75,
      0.69,
      0.23,
      0.58,
      0.73,
      0.74
    ],
    [
      0.44,
      0.63,
      0.19,
      0.58,
      0.63,
      0.65,
      0.62,
      0.77
    ],
    [
      0.62,
      0.6,
      0.69,
      0.64,
      0.26,
      0.47,
      0.4,
      0.59
    ],
    [
      0.48,
      0.72,
      0.69,
      0.69,
      0.38,
      0.28,
      0.32,
      0.61
    ]
  ],
  "predicted_concept_matrix": [
    [
      0,
      0,
      0,
      0,
      0,
      0,
      0,
      0
    ],
    [
      0,
      0,
      0,
      0,
      0,
      0,
      0,
      0
    ],
    [
      0,
      0,
      0,
      0,
      0,
      0,
      0,
      0
    ],
    [
      0,
      0,
      0,
      0,
      0,
      0,
      0,
      0
    ],
    [
      0,
      0,
      0,
      0,
      0,
      0,
      0,
      0
    ]
  ],
  "true_concept_matrix": [
    [
      1,
      0,
      0,
      0,
      1,
      1,
      0,
      1
    ],
    [
      0,
      0,
      0,
      0,
      1,
      1,
      1,
      1
    ],
    [
      1,
      1,
      0,
      1,
      1,
      1,
      1,
      1
    ],
    [
      0,
      0,
      0,
      0,
      1,
      0,
      0,
      0
    ],
    [
      0,
      0,
      0,
      0,
      1,
      1,
      0,
      0
    ]
  ]
}