{
  "FedProTrack": {
    "n_settings": 1125,
    "mean_re_id_accuracy": 0.6391688888888889,
    "std_re_id_accuracy": 0.24346662634375554,
    "mean_final_accuracy": 0.6779121777777778,
    "mean_accuracy_auc": 12.001102044444444
  },
  "LocalOnly": {
    "n_settings": 1125,
    "mean_re_id_accuracy": null,
    "std_re_id_accuracy": null,
    "mean_final_accuracy": 0.6557287111111111,
    "mean_accuracy_auc": 11.468620444444444
  },
  "FedAvg": {
    "n_settings": 1125,
    "mean_re_id_accuracy": null,
    "std_re_id_accuracy": null,
    "mean_final_accuracy": 0.6690346666666667,
    "mean_accuracy_auc": 11.982236977777777
  },
  "Oracle": {
    "n_settings": 1125,
    "mean_re_id_accuracy": 1.0,
    "std_re_id_accuracy": 0.0,
    "mean_final_accuracy": 0.5997649777777777,
    "mean_accuracy_auc": 10.892840533333333
  },
  "FedProto": {
    "n_settings": 1125,
    "mean_re_id_accuracy": null,
    "std_re_id_accuracy": null,
    "mean_final_accuracy": 0.6567667555555555,
    "mean_accuracy_auc": 12.390375911111112
  },
  "TrackedSummary": {
    "n_settings": 1125,
    "mean_re_id_accuracy": 0.4732666666666666,
    "std_re_id_accuracy": 0.2521884128098584,
    "mean_final_accuracy": 0.6649006222222222,
    "mean_accuracy_auc": 11.870858844444445
  },
  "Flash": {
    "n_settings": 1125,
    "mean_re_id_accuracy": null,
    "std_re_id_accuracy": null,
    "mean_final_accuracy": 0.6649006222222222,
    "mean_accuracy_auc": 11.870858844444445
  },
  "FedDrift": {
    "n_settings": 1125,
    "mean_re_id_accuracy": 0.45999111111111113,
    "std_re_id_accuracy": 0.2307535480138662,
    "mean_final_accuracy": 0.5648192,
    "mean_accuracy_auc": 10.488982933333332
  },
  "IFCA": {
    "n_settings": 1125,
    "mean_re_id_accuracy": 0.5370577777777779,
    "std_re_id_accuracy": 0.2628320312704074,
    "mean_final_accuracy": 0.6722439111111111,
    "mean_accuracy_auc": 12.285110844444445
  },
  "CompressedFedAvg": {
    "n_settings": 1125,
    "mean_re_id_accuracy": null,
    "std_re_id_accuracy": null,
    "mean_final_accuracy": 0.6646055111111111,
    "mean_accuracy_auc": 11.783988266666666
  }
}