{
  "method_name": "FedProTrack",
  "mean_accuracy": 0.5215,
  "final_accuracy": 0.5940000000000001,
  "concept_tracking_accuracy": 0.55,
  "forgetting": 0.10000000000000009,
  "backward_transfer": 0.15999999999999998,
  "detection_rate": 0.0,
  "false_alarm_rate": 0.0,
  "identification_accuracy": 0.0,
  "mean_detection_delay": 0.0,
  "accuracy_matrix": [
    [
      0.42,
      0.4,
      0.52,
      0.5,
      0.43,
      0.42,
      0.54,
      0.41
    ],
    [
      0.6,
      0.6,
      0.68,
      0.64,
      0.44,
      0.46,
      0.56,
      0.63
    ],
    [
      0.44,
      0.54,
      0.39,
      0.55,
      0.46,
      0.55,
      0.61,
      0.68
    ],
    [
      0.62,
      0.58,
      0.62,
      0.49,
      0.36,
      0.52,
      0.43,
      0.67
    ],
    [
      0.48,
      0.49,
      0.56,
      0.58,
      0.55,
      0.46,
      0.4,
      0.58
    ]
  ],
  "predicted_concept_matrix": [
    [
      0,
      0,
      0,
      0,
      0,
      0,
      0,
      0
    ],
    [
      0,
      0,
      0,
      0,
      0,
      0,
      0,
      0
    ],
    [
      0,
      0,
      0,
      0,
      0,
      0,
      0,
      0
    ],
    [
      0,
      0,
      0,
      0,
      0,
      0,
      0,
      0
    ],
    [
      0,
      0,
      0,
      0,
      0,
      0,
      0,
      0
    ]
  ],
  "true_concept_matrix": [
    [
      1,
      0,
      0,
      0,
      1,
      1,
      0,
      1
    ],
    [
      0,
      0,
      0,
      0,
      1,
      1,
      1,
      1
    ],
    [
      1,
      1,
      0,
      1,
      1,
      1,
      1,
      1
    ],
    [
      0,
      0,
      0,
      0,
      1,
      0,
      0,
      0
    ],
    [
      0,
      0,
      0,
      0,
      1,
      1,
      0,
      0
    ]
  ]
}