{
  "method_name": "FedProTrack",
  "mean_accuracy": 0.60425,
  "final_accuracy": 0.6479999999999999,
  "concept_tracking_accuracy": 0.6,
  "forgetting": 0.050000000000000044,
  "backward_transfer": 0.34,
  "detection_rate": 1.0,
  "false_alarm_rate": 0.0,
  "identification_accuracy": 0.0,
  "mean_detection_delay": 0.0,
  "accuracy_matrix": [
    [
      0.42,
      0.24,
      0.47,
      0.54,
      0.62,
      0.72,
      0.68,
      0.7
    ],
    [
      0.6,
      0.72,
      0.25,
      0.7,
      0.75,
      0.71,
      0.74,
      0.74
    ],
    [
      0.56,
      0.63,
      0.81,
      0.74,
      0.77,
      0.29,
      0.47,
      0.74
    ],
    [
      0.38,
      0.6,
      0.69,
      0.64,
      0.74,
      0.64,
      0.33,
      0.3
    ],
    [
      0.52,
      0.72,
      0.69,
      0.69,
      0.62,
      0.55,
      0.69,
      0.76
    ]
  ],
  "predicted_concept_matrix": [
    [
      0,
      0,
      0,
      0,
      0,
      0,
      0,
      0
    ],
    [
      0,
      0,
      0,
      0,
      0,
      0,
      0,
      0
    ],
    [
      0,
      0,
      0,
      0,
      0,
      0,
      0,
      0
    ],
    [
      0,
      0,
      0,
      0,
      0,
      0,
      0,
      0
    ],
    [
      0,
      0,
      0,
      0,
      0,
      0,
      0,
      0
    ]
  ],
  "true_concept_matrix": [
    [
      1,
      0,
      0,
      0,
      0,
      0,
      0,
      0
    ],
    [
      0,
      0,
      1,
      1,
      1,
      1,
      1,
      1
    ],
    [
      0,
      0,
      0,
      0,
      0,
      1,
      1,
      1
    ],
    [
      1,
      1,
      1,
      1,
      1,
      1,
      0,
      0
    ],
    [
      1,
      1,
      1,
      1,
      1,
      1,
      1,
      1
    ]
  ]
}