{
  "method_name": "Oracle",
  "mean_accuracy": 0.63325,
  "final_accuracy": 0.6859999999999999,
  "concept_tracking_accuracy": 1.0,
  "forgetting": 0.0,
  "backward_transfer": 0.0,
  "detection_rate": 1.0,
  "false_alarm_rate": 0.0,
  "identification_accuracy": 0.0,
  "mean_detection_delay": 0.0,
  "accuracy_matrix": [
    [
      0.42,
      0.62,
      0.56,
      0.61,
      0.71,
      0.74,
      0.68,
      0.71
    ],
    [
      0.6,
      0.72,
      0.41,
      0.7,
      0.79,
      0.65,
      0.59,
      0.68
    ],
    [
      0.56,
      0.63,
      0.84,
      0.77,
      0.77,
      0.45,
      0.47,
      0.74
    ],
    [
      0.38,
      0.6,
      0.82,
      0.66,
      0.81,
      0.54,
      0.49,
      0.57
    ],
    [
      0.52,
      0.72,
      0.66,
      0.6,
      0.63,
      0.49,
      0.69,
      0.73
    ]
  ],
  "predicted_concept_matrix": [
    [
      1,
      0,
      0,
      0,
      0,
      0,
      0,
      0
    ],
    [
      0,
      0,
      1,
      1,
      1,
      1,
      1,
      1
    ],
    [
      0,
      0,
      0,
      0,
      0,
      1,
      1,
      1
    ],
    [
      1,
      1,
      1,
      1,
      1,
      1,
      0,
      0
    ],
    [
      1,
      1,
      1,
      1,
      1,
      1,
      1,
      1
    ]
  ],
  "true_concept_matrix": [
    [
      1,
      0,
      0,
      0,
      0,
      0,
      0,
      0
    ],
    [
      0,
      0,
      1,
      1,
      1,
      1,
      1,
      1
    ],
    [
      0,
      0,
      0,
      0,
      0,
      1,
      1,
      1
    ],
    [
      1,
      1,
      1,
      1,
      1,
      1,
      0,
      0
    ],
    [
      1,
      1,
      1,
      1,
      1,
      1,
      1,
      1
    ]
  ]
}